ai_overall_status,hitl_qa_decision,batchId,hitl_review_time,ai_verification_time,businessKey
PASS,Reprocess,ADJ9318,2026-03-04T11:22:38.624Z,2026-02-27 15:49:03+00:00,ADJ9318-DA-SUMMARY
FAIL,Reprocess,ADJ9318,2026-03-04T11:22:38.624Z,2026-02-27 16:00:26+00:00,ADJ9318-BG-ROW7
FAIL,Reprocess,ADJ9318,2026-03-04T11:22:38.624Z,2026-02-27 16:00:26+00:00,ADJ9318-BG-ROW80
FAIL,Reprocess,ADJ9318,2026-03-04T11:22:38.624Z,2026-02-27 16:00:26+00:00,ADJ9318-BG-ROW79
FAIL,Reprocess,ADJ9318,2026-03-04T11:22:38.624Z,2026-02-27 16:00:26+00:00,ADJ9318-BG-ROW78
FAIL,Reprocess,ADJ9318,2026-03-04T11:22:38.624Z,2026-02-27 16:00:26+00:00,ADJ9318-BG-ROW77
FAIL,Reprocess,ADJ9318,2026-03-04T11:22:38.624Z,2026-02-27 16:00:26+00:00,ADJ9318-BG-ROW76
FAIL,Reprocess,ADJ9318,2026-03-04T11:22:38.624Z,2026-02-27 16:00:26+00:00,ADJ9318-BG-ROW75
FAIL,Reprocess,ADJ9318,2026-03-04T11:22:38.624Z,2026-02-27 16:00:26+00:00,ADJ9318-BG-ROW74
FAIL,Reprocess,ADJ9318,2026-03-04T11:22:38.624Z,2026-02-27 16:00:26+00:00,ADJ9318-BG-ROW73
FAIL,Reprocess,ADJ9318,2026-03-04T11:22:38.624Z,2026-02-27 16:00:26+00:00,ADJ9318-BG-ROW72
FAIL,Reprocess,ADJ9318,2026-03-04T11:22:38.624Z,2026-02-27 16:00:26+00:00,ADJ9318-BG-ROW71
FAIL,Reprocess,ADJ9318,2026-03-04T11:22:38.624Z,2026-02-27 16:00:26+00:00,ADJ9318-BG-ROW70
FAIL,Reprocess,ADJ9318,2026-03-04T11:22:38.624Z,2026-02-27 16:00:26+00:00,ADJ9318-BG-ROW69
FAIL,Reprocess,ADJ9318,2026-03-04T11:22:38.624Z,2026-02-27 16:00:26+00:00,ADJ9318-BG-ROW68
FAIL,Reprocess,ADJ9318,2026-03-04T11:22:38.624Z,2026-02-27 16:00:26+00:00,ADJ9318-BG-ROW67
FAIL,Reprocess,ADJ9318,2026-03-04T11:22:38.624Z,2026-02-27 16:00:26+00:00,ADJ9318-BG-ROW66
FAIL,Reprocess,ADJ9318,2026-03-04T11:22:38.624Z,2026-02-27 16:00:26+00:00,ADJ9318-BG-ROW65
FAIL,Reprocess,ADJ9318,2026-03-04T11:22:38.624Z,2026-02-27 16:00:26+00:00,ADJ9318-BG-ROW64
FAIL,Reprocess,ADJ9318,2026-03-04T11:22:38.624Z,2026-02-27 16:00:26+00:00,ADJ9318-BG-ROW63
FAIL,Reprocess,ADJ9318,2026-03-04T11:22:38.624Z,2026-02-27 16:00:26+00:00,ADJ9318-BG-ROW62
FAIL,Reprocess,ADJ9318,2026-03-04T11:22:38.624Z,2026-02-27 16:00:26+00:00,ADJ9318-BG-ROW61
FAIL,Reprocess,ADJ9318,2026-03-04T11:22:38.624Z,2026-02-27 16:00:26+00:00,ADJ9318-BG-ROW60
FAIL,Reprocess,ADJ9318,2026-03-04T11:22:38.624Z,2026-02-27 16:00:26+00:00,ADJ9318-BG-ROW59
FAIL,Reprocess,ADJ9318,2026-03-04T11:22:38.624Z,2026-02-27 16:00:26+00:00,ADJ9318-BG-ROW58
FAIL,Reprocess,ADJ9318,2026-03-04T11:22:38.624Z,2026-02-27 16:00:26+00:00,ADJ9318-BG-ROW81
FAIL,Reprocess,ADJ9318,2026-03-04T11:22:38.624Z,2026-02-27 16:00:26+00:00,ADJ9318-BG-ROW82
FAIL,Reprocess,ADJ9318,2026-03-04T11:22:38.624Z,2026-02-27 16:00:26+00:00,ADJ9318-BG-ROW83
FAIL,Reprocess,ADJ9318,2026-03-04T11:22:38.624Z,2026-02-27 16:00:26+00:00,ADJ9318-BG-ROW84
FAIL,Reprocess,ADJ9318,2026-03-04T11:22:38.624Z,2026-02-27 16:00:26+00:00,ADJ9318-BG-ROW107
FAIL,Reprocess,ADJ9318,2026-03-04T11:22:38.624Z,2026-02-27 16:00:26+00:00,ADJ9318-BG-ROW106
FAIL,Reprocess,ADJ9318,2026-03-04T11:22:38.624Z,2026-02-27 16:00:26+00:00,ADJ9318-BG-ROW105
FAIL,Reprocess,ADJ9318,2026-03-04T11:22:38.624Z,2026-02-27 16:00:26+00:00,ADJ9318-BG-ROW104
FAIL,Reprocess,ADJ9318,2026-03-04T11:22:38.624Z,2026-02-27 16:00:26+00:00,ADJ9318-BG-ROW103
FAIL,Reprocess,ADJ9318,2026-03-04T11:22:38.624Z,2026-02-27 16:00:26+00:00,ADJ9318-BG-ROW102
PASS,Reprocess,ADJ9318,2026-03-04T11:22:38.624Z,2026-02-27 16:00:26+00:00,ADJ9318-BG-ROW101
FAIL,Reprocess,ADJ9318,2026-03-04T11:22:38.624Z,2026-02-27 16:00:26+00:00,ADJ9318-BG-ROW100
FAIL,Reprocess,ADJ9318,2026-03-04T11:22:38.624Z,2026-02-27 16:00:26+00:00,ADJ9318-BG-ROW99
FAIL,Reprocess,ADJ9318,2026-03-04T11:22:38.624Z,2026-02-27 16:00:26+00:00,ADJ9318-BG-ROW98
FAIL,Reprocess,ADJ9318,2026-03-04T11:22:38.624Z,2026-02-27 16:00:26+00:00,ADJ9318-BG-ROW97
FAIL,Reprocess,ADJ9318,2026-03-04T11:22:38.624Z,2026-02-27 16:00:26+00:00,ADJ9318-BG-ROW96
FAIL,Reprocess,ADJ9318,2026-03-04T11:22:38.624Z,2026-02-27 16:00:26+00:00,ADJ9318-BG-ROW95
FAIL,Reprocess,ADJ9318,2026-03-04T11:22:38.624Z,2026-02-27 16:00:26+00:00,ADJ9318-BG-ROW94
FAIL,Reprocess,ADJ9318,2026-03-04T11:22:38.624Z,2026-02-27 16:00:26+00:00,ADJ9318-BG-ROW93
FAIL,Reprocess,ADJ9318,2026-03-04T11:22:38.624Z,2026-02-27 16:00:26+00:00,ADJ9318-BG-ROW92
FAIL,Reprocess,ADJ9318,2026-03-04T11:22:38.624Z,2026-02-27 16:00:26+00:00,ADJ9318-BG-ROW91
FAIL,Reprocess,ADJ9318,2026-03-04T11:22:38.624Z,2026-02-27 16:00:26+00:00,ADJ9318-BG-ROW90
FAIL,Reprocess,ADJ9318,2026-03-04T11:22:38.624Z,2026-02-27 16:00:26+00:00,ADJ9318-BG-ROW89
FAIL,Reprocess,ADJ9318,2026-03-04T11:22:38.624Z,2026-02-27 16:00:26+00:00,ADJ9318-BG-ROW88
FAIL,Reprocess,ADJ9318,2026-03-04T11:22:38.624Z,2026-02-27 16:00:26+00:00,ADJ9318-BG-ROW87
FAIL,Reprocess,ADJ9318,2026-03-04T11:22:38.624Z,2026-02-27 16:00:26+00:00,ADJ9318-BG-ROW86
FAIL,Reprocess,ADJ9318,2026-03-04T11:22:38.624Z,2026-02-27 16:00:26+00:00,ADJ9318-BG-ROW85
FAIL,Reprocess,ADJ9318,2026-03-04T11:22:38.624Z,2026-02-27 16:00:26+00:00,ADJ9318-BG-ROW57
FAIL,Reprocess,ADJ9318,2026-03-04T11:22:38.624Z,2026-02-27 16:00:26+00:00,ADJ9318-BG-ROW56
FAIL,Reprocess,ADJ9318,2026-03-04T11:22:38.624Z,2026-02-27 16:00:26+00:00,ADJ9318-BG-ROW55
FAIL,Reprocess,ADJ9318,2026-03-04T11:22:38.624Z,2026-02-27 16:00:26+00:00,ADJ9318-BG-ROW54
FAIL,Reprocess,ADJ9318,2026-03-04T11:22:38.624Z,2026-02-27 16:00:26+00:00,ADJ9318-BG-ROW26
FAIL,Reprocess,ADJ9318,2026-03-04T11:22:38.624Z,2026-02-27 16:00:26+00:00,ADJ9318-BG-ROW25
FAIL,Reprocess,ADJ9318,2026-03-04T11:22:38.624Z,2026-02-27 16:00:26+00:00,ADJ9318-BG-ROW24
FAIL,Reprocess,ADJ9318,2026-03-04T11:22:38.624Z,2026-02-27 16:00:26+00:00,ADJ9318-BG-ROW23
FAIL,Reprocess,ADJ9318,2026-03-04T11:22:38.624Z,2026-02-27 16:00:26+00:00,ADJ9318-BG-ROW22
FAIL,Reprocess,ADJ9318,2026-03-04T11:22:38.624Z,2026-02-27 16:00:26+00:00,ADJ9318-BG-ROW21
FAIL,Reprocess,ADJ9318,2026-03-04T11:22:38.624Z,2026-02-27 16:00:26+00:00,ADJ9318-BG-ROW20
FAIL,Reprocess,ADJ9318,2026-03-04T11:22:38.624Z,2026-02-27 16:00:26+00:00,ADJ9318-BG-ROW19
FAIL,Reprocess,ADJ9318,2026-03-04T11:22:38.624Z,2026-02-27 16:00:26+00:00,ADJ9318-BG-ROW18
FAIL,Reprocess,ADJ9318,2026-03-04T11:22:38.624Z,2026-02-27 16:00:26+00:00,ADJ9318-BG-ROW17
FAIL,Reprocess,ADJ9318,2026-03-04T11:22:38.624Z,2026-02-27 16:00:26+00:00,ADJ9318-BG-ROW16
FAIL,Reprocess,ADJ9318,2026-03-04T11:22:38.624Z,2026-02-27 16:00:26+00:00,ADJ9318-BG-ROW15
FAIL,Reprocess,ADJ9318,2026-03-04T11:22:38.624Z,2026-02-27 16:00:26+00:00,ADJ9318-BG-ROW14
FAIL,Reprocess,ADJ9318,2026-03-04T11:22:38.624Z,2026-02-27 16:00:26+00:00,ADJ9318-BG-ROW13
FAIL,Reprocess,ADJ9318,2026-03-04T11:22:38.624Z,2026-02-27 16:00:26+00:00,ADJ9318-BG-ROW12
FAIL,Reprocess,ADJ9318,2026-03-04T11:22:38.624Z,2026-02-27 16:00:26+00:00,ADJ9318-BG-ROW11
FAIL,Reprocess,ADJ9318,2026-03-04T11:22:38.624Z,2026-02-27 16:00:26+00:00,ADJ9318-BG-ROW10
FAIL,Reprocess,ADJ9318,2026-03-04T11:22:38.624Z,2026-02-27 16:00:26+00:00,ADJ9318-BG-ROW9
FAIL,Reprocess,ADJ9318,2026-03-04T11:22:38.624Z,2026-02-27 16:00:26+00:00,ADJ9318-BG-ROW8
FAIL,Reprocess,ADJ9318,2026-03-04T11:22:38.624Z,2026-02-27 16:00:26+00:00,ADJ9318-BG-ROW6
FAIL,Reprocess,ADJ9318,2026-03-04T11:22:38.624Z,2026-02-27 16:00:26+00:00,ADJ9318-BG-ROW5
FAIL,Reprocess,ADJ9318,2026-03-04T11:22:38.624Z,2026-02-27 16:00:26+00:00,ADJ9318-BG-ROW4
FAIL,Reprocess,ADJ9318,2026-03-04T11:22:38.624Z,2026-02-27 16:00:26+00:00,ADJ9318-BG-ROW3
FAIL,Reprocess,ADJ9318,2026-03-04T11:22:38.624Z,2026-02-27 16:00:26+00:00,ADJ9318-BG-ROW27
FAIL,Reprocess,ADJ9318,2026-03-04T11:22:38.624Z,2026-02-27 16:00:26+00:00,ADJ9318-BG-ROW108
FAIL,Reprocess,ADJ9318,2026-03-04T11:22:38.624Z,2026-02-27 16:00:26+00:00,ADJ9318-BG-ROW28
FAIL,Reprocess,ADJ9318,2026-03-04T11:22:38.624Z,2026-02-27 16:00:26+00:00,ADJ9318-BG-ROW30
FAIL,Reprocess,ADJ9318,2026-03-04T11:22:38.624Z,2026-02-27 16:00:26+00:00,ADJ9318-BG-ROW53
FAIL,Reprocess,ADJ9318,2026-03-04T11:22:38.624Z,2026-02-27 16:00:26+00:00,ADJ9318-BG-ROW52
FAIL,Reprocess,ADJ9318,2026-03-04T11:22:38.624Z,2026-02-27 16:00:26+00:00,ADJ9318-BG-ROW51
FAIL,Reprocess,ADJ9318,2026-03-04T11:22:38.624Z,2026-02-27 16:00:26+00:00,ADJ9318-BG-ROW50
FAIL,Reprocess,ADJ9318,2026-03-04T11:22:38.624Z,2026-02-27 16:00:26+00:00,ADJ9318-BG-ROW49
FAIL,Reprocess,ADJ9318,2026-03-04T11:22:38.624Z,2026-02-27 16:00:26+00:00,ADJ9318-BG-ROW48
FAIL,Reprocess,ADJ9318,2026-03-04T11:22:38.624Z,2026-02-27 16:00:26+00:00,ADJ9318-BG-ROW47
FAIL,Reprocess,ADJ9318,2026-03-04T11:22:38.624Z,2026-02-27 16:00:26+00:00,ADJ9318-BG-ROW46
FAIL,Reprocess,ADJ9318,2026-03-04T11:22:38.624Z,2026-02-27 16:00:26+00:00,ADJ9318-BG-ROW45
FAIL,Reprocess,ADJ9318,2026-03-04T11:22:38.624Z,2026-02-27 16:00:26+00:00,ADJ9318-BG-ROW44
FAIL,Reprocess,ADJ9318,2026-03-04T11:22:38.624Z,2026-02-27 16:00:26+00:00,ADJ9318-BG-ROW43
FAIL,Reprocess,ADJ9318,2026-03-04T11:22:38.624Z,2026-02-27 16:00:26+00:00,ADJ9318-BG-ROW42
FAIL,Reprocess,ADJ9318,2026-03-04T11:22:38.624Z,2026-02-27 16:00:26+00:00,ADJ9318-BG-ROW41
FAIL,Reprocess,ADJ9318,2026-03-04T11:22:38.624Z,2026-02-27 16:00:26+00:00,ADJ9318-BG-ROW40
FAIL,Reprocess,ADJ9318,2026-03-04T11:22:38.624Z,2026-02-27 16:00:26+00:00,ADJ9318-BG-ROW39
FAIL,Reprocess,ADJ9318,2026-03-04T11:22:38.624Z,2026-02-27 16:00:26+00:00,ADJ9318-BG-ROW38
FAIL,Reprocess,ADJ9318,2026-03-04T11:22:38.624Z,2026-02-27 16:00:26+00:00,ADJ9318-BG-ROW37
FAIL,Reprocess,ADJ9318,2026-03-04T11:22:38.624Z,2026-02-27 16:00:26+00:00,ADJ9318-BG-ROW36
FAIL,Reprocess,ADJ9318,2026-03-04T11:22:38.624Z,2026-02-27 16:00:26+00:00,ADJ9318-BG-ROW35
FAIL,Reprocess,ADJ9318,2026-03-04T11:22:38.624Z,2026-02-27 16:00:26+00:00,ADJ9318-BG-ROW34
FAIL,Reprocess,ADJ9318,2026-03-04T11:22:38.624Z,2026-02-27 16:00:26+00:00,ADJ9318-BG-ROW33
FAIL,Reprocess,ADJ9318,2026-03-04T11:22:38.624Z,2026-02-27 16:00:26+00:00,ADJ9318-BG-ROW32
FAIL,Reprocess,ADJ9318,2026-03-04T11:22:38.624Z,2026-02-27 16:00:26+00:00,ADJ9318-BG-ROW31
FAIL,Reprocess,ADJ9318,2026-03-04T11:22:38.624Z,2026-02-27 16:00:26+00:00,ADJ9318-BG-ROW29
FAIL,Reprocess,ADJ9318,2026-03-04T11:22:38.624Z,2026-02-27 16:00:26+00:00,ADJ9318-BG-ROW2
FAIL,Reprocess,ADJ9318,2026-03-04T11:22:38.624Z,2026-02-27 16:00:26+00:00,ADJ9318-BG-ROW109
FAIL,Reprocess,ADJ9318,2026-03-04T11:22:38.624Z,2026-02-27 16:00:26+00:00,ADJ9318-BG-ROW111
FAIL,Reprocess,ADJ9318,2026-03-04T11:22:38.624Z,2026-02-27 16:00:26+00:00,ADJ9318-BG-ROW188
FAIL,Reprocess,ADJ9318,2026-03-04T11:22:38.624Z,2026-02-27 16:00:26+00:00,ADJ9318-BG-ROW187
FAIL,Reprocess,ADJ9318,2026-03-04T11:22:38.624Z,2026-02-27 16:00:26+00:00,ADJ9318-BG-ROW186
FAIL,Reprocess,ADJ9318,2026-03-04T11:22:38.624Z,2026-02-27 16:00:26+00:00,ADJ9318-BG-ROW185
FAIL,Reprocess,ADJ9318,2026-03-04T11:22:38.624Z,2026-02-27 16:00:26+00:00,ADJ9318-BG-ROW184
FAIL,Reprocess,ADJ9318,2026-03-04T11:22:38.624Z,2026-02-27 16:00:26+00:00,ADJ9318-BG-ROW183
FAIL,Reprocess,ADJ9318,2026-03-04T11:22:38.624Z,2026-02-27 16:00:26+00:00,ADJ9318-BG-ROW182
FAIL,Reprocess,ADJ9318,2026-03-04T11:22:38.624Z,2026-02-27 16:00:26+00:00,ADJ9318-BG-ROW181
FAIL,Reprocess,ADJ9318,2026-03-04T11:22:38.624Z,2026-02-27 16:00:26+00:00,ADJ9318-BG-ROW180
FAIL,Reprocess,ADJ9318,2026-03-04T11:22:38.624Z,2026-02-27 16:00:26+00:00,ADJ9318-BG-ROW179
FAIL,Reprocess,ADJ9318,2026-03-04T11:22:38.624Z,2026-02-27 16:00:26+00:00,ADJ9318-BG-ROW178
FAIL,Reprocess,ADJ9318,2026-03-04T11:22:38.624Z,2026-02-27 16:00:26+00:00,ADJ9318-BG-ROW177
FAIL,Reprocess,ADJ9318,2026-03-04T11:22:38.624Z,2026-02-27 16:00:26+00:00,ADJ9318-BG-ROW176
FAIL,Reprocess,ADJ9318,2026-03-04T11:22:38.624Z,2026-02-27 16:00:26+00:00,ADJ9318-BG-ROW175
FAIL,Reprocess,ADJ9318,2026-03-04T11:22:38.624Z,2026-02-27 16:00:26+00:00,ADJ9318-BG-ROW174
FAIL,Reprocess,ADJ9318,2026-03-04T11:22:38.624Z,2026-02-27 16:00:26+00:00,ADJ9318-BG-ROW173
FAIL,Reprocess,ADJ9318,2026-03-04T11:22:38.624Z,2026-02-27 16:00:26+00:00,ADJ9318-BG-ROW172
FAIL,Reprocess,ADJ9318,2026-03-04T11:22:38.624Z,2026-02-27 16:00:26+00:00,ADJ9318-BG-ROW171
FAIL,Reprocess,ADJ9318,2026-03-04T11:22:38.624Z,2026-02-27 16:00:26+00:00,ADJ9318-BG-ROW170
FAIL,Reprocess,ADJ9318,2026-03-04T11:22:38.624Z,2026-02-27 16:00:26+00:00,ADJ9318-BG-ROW169
FAIL,Reprocess,ADJ9318,2026-03-04T11:22:38.624Z,2026-02-27 16:00:26+00:00,ADJ9318-BG-ROW168
FAIL,Reprocess,ADJ9318,2026-03-04T11:22:38.624Z,2026-02-27 16:00:26+00:00,ADJ9318-BG-ROW167
FAIL,Reprocess,ADJ9318,2026-03-04T11:22:38.624Z,2026-02-27 16:00:26+00:00,ADJ9318-BG-ROW166
FAIL,Reprocess,ADJ9318,2026-03-04T11:22:38.624Z,2026-02-27 16:00:26+00:00,ADJ9318-BG-ROW189
FAIL,Reprocess,ADJ9318,2026-03-04T11:22:38.624Z,2026-02-27 16:00:26+00:00,ADJ9318-BG-ROW165
FAIL,Reprocess,ADJ9318,2026-03-04T11:22:38.624Z,2026-02-27 16:00:26+00:00,ADJ9318-BG-ROW190
FAIL,Reprocess,ADJ9318,2026-03-04T11:22:38.624Z,2026-02-27 16:00:26+00:00,ADJ9318-BG-ROW192
FAIL,Reprocess,ADJ9318,2026-03-04T11:22:38.624Z,2026-02-27 16:00:26+00:00,ADJ9318-BG-ROW215
FAIL,Reprocess,ADJ9318,2026-03-04T11:22:38.624Z,2026-02-27 16:00:26+00:00,ADJ9318-BG-ROW214
FAIL,Reprocess,ADJ9318,2026-03-04T11:22:38.624Z,2026-02-27 16:00:26+00:00,ADJ9318-BG-ROW213
FAIL,Reprocess,ADJ9318,2026-03-04T11:22:38.624Z,2026-02-27 16:00:26+00:00,ADJ9318-BG-ROW212
FAIL,Reprocess,ADJ9318,2026-03-04T11:22:38.624Z,2026-02-27 16:00:26+00:00,ADJ9318-BG-ROW211
FAIL,Reprocess,ADJ9318,2026-03-04T11:22:38.624Z,2026-02-27 16:00:26+00:00,ADJ9318-BG-ROW210
FAIL,Reprocess,ADJ9318,2026-03-04T11:22:38.624Z,2026-02-27 16:00:26+00:00,ADJ9318-BG-ROW209
FAIL,Reprocess,ADJ9318,2026-03-04T11:22:38.624Z,2026-02-27 16:00:26+00:00,ADJ9318-BG-ROW208
FAIL,Reprocess,ADJ9318,2026-03-04T11:22:38.624Z,2026-02-27 16:00:26+00:00,ADJ9318-BG-ROW207
FAIL,Reprocess,ADJ9318,2026-03-04T11:22:38.624Z,2026-02-27 16:00:26+00:00,ADJ9318-BG-ROW206
FAIL,Reprocess,ADJ9318,2026-03-04T11:22:38.624Z,2026-02-27 16:00:26+00:00,ADJ9318-BG-ROW205
FAIL,Reprocess,ADJ9318,2026-03-04T11:22:38.624Z,2026-02-27 16:00:26+00:00,ADJ9318-BG-ROW204
FAIL,Reprocess,ADJ9318,2026-03-04T11:22:38.624Z,2026-02-27 16:00:26+00:00,ADJ9318-BG-ROW203
FAIL,Reprocess,ADJ9318,2026-03-04T11:22:38.624Z,2026-02-27 16:00:26+00:00,ADJ9318-BG-ROW202
FAIL,Reprocess,ADJ9318,2026-03-04T11:22:38.624Z,2026-02-27 16:00:26+00:00,ADJ9318-BG-ROW201
FAIL,Reprocess,ADJ9318,2026-03-04T11:22:38.624Z,2026-02-27 16:00:26+00:00,ADJ9318-BG-ROW200
FAIL,Reprocess,ADJ9318,2026-03-04T11:22:38.624Z,2026-02-27 16:00:26+00:00,ADJ9318-BG-ROW199
FAIL,Reprocess,ADJ9318,2026-03-04T11:22:38.624Z,2026-02-27 16:00:26+00:00,ADJ9318-BG-ROW198
FAIL,Reprocess,ADJ9318,2026-03-04T11:22:38.624Z,2026-02-27 16:00:26+00:00,ADJ9318-BG-ROW197
FAIL,Reprocess,ADJ9318,2026-03-04T11:22:38.624Z,2026-02-27 16:00:26+00:00,ADJ9318-BG-ROW196
FAIL,Reprocess,ADJ9318,2026-03-04T11:22:38.624Z,2026-02-27 16:00:26+00:00,ADJ9318-BG-ROW195
FAIL,Reprocess,ADJ9318,2026-03-04T11:22:38.624Z,2026-02-27 16:00:26+00:00,ADJ9318-BG-ROW194
FAIL,Reprocess,ADJ9318,2026-03-04T11:22:38.624Z,2026-02-27 16:00:26+00:00,ADJ9318-BG-ROW193
FAIL,Reprocess,ADJ9318,2026-03-04T11:22:38.624Z,2026-02-27 16:00:26+00:00,ADJ9318-BG-ROW191
FAIL,Reprocess,ADJ9318,2026-03-04T11:22:38.624Z,2026-02-27 16:00:26+00:00,ADJ9318-BG-ROW110
FAIL,Reprocess,ADJ9318,2026-03-04T11:22:38.624Z,2026-02-27 16:00:26+00:00,ADJ9318-BG-ROW164
FAIL,Reprocess,ADJ9318,2026-03-04T11:22:38.624Z,2026-02-27 16:00:26+00:00,ADJ9318-BG-ROW162
FAIL,Reprocess,ADJ9318,2026-03-04T11:22:38.624Z,2026-02-27 16:00:26+00:00,ADJ9318-BG-ROW134
FAIL,Reprocess,ADJ9318,2026-03-04T11:22:38.624Z,2026-02-27 16:00:26+00:00,ADJ9318-BG-ROW133
FAIL,Reprocess,ADJ9318,2026-03-04T11:22:38.624Z,2026-02-27 16:00:26+00:00,ADJ9318-BG-ROW132
FAIL,Reprocess,ADJ9318,2026-03-04T11:22:38.624Z,2026-02-27 16:00:26+00:00,ADJ9318-BG-ROW131
FAIL,Reprocess,ADJ9318,2026-03-04T11:22:38.624Z,2026-02-27 16:00:26+00:00,ADJ9318-BG-ROW130
FAIL,Reprocess,ADJ9318,2026-03-04T11:22:38.624Z,2026-02-27 16:00:26+00:00,ADJ9318-BG-ROW129
FAIL,Reprocess,ADJ9318,2026-03-04T11:22:38.624Z,2026-02-27 16:00:26+00:00,ADJ9318-BG-ROW128
FAIL,Reprocess,ADJ9318,2026-03-04T11:22:38.624Z,2026-02-27 16:00:26+00:00,ADJ9318-BG-ROW127
FAIL,Reprocess,ADJ9318,2026-03-04T11:22:38.624Z,2026-02-27 16:00:26+00:00,ADJ9318-BG-ROW126
FAIL,Reprocess,ADJ9318,2026-03-04T11:22:38.624Z,2026-02-27 16:00:26+00:00,ADJ9318-BG-ROW125
FAIL,Reprocess,ADJ9318,2026-03-04T11:22:38.624Z,2026-02-27 16:00:26+00:00,ADJ9318-BG-ROW124
FAIL,Reprocess,ADJ9318,2026-03-04T11:22:38.624Z,2026-02-27 16:00:26+00:00,ADJ9318-BG-ROW123
FAIL,Reprocess,ADJ9318,2026-03-04T11:22:38.624Z,2026-02-27 16:00:26+00:00,ADJ9318-BG-ROW122
FAIL,Reprocess,ADJ9318,2026-03-04T11:22:38.624Z,2026-02-27 16:00:26+00:00,ADJ9318-BG-ROW121
FAIL,Reprocess,ADJ9318,2026-03-04T11:22:38.624Z,2026-02-27 16:00:26+00:00,ADJ9318-BG-ROW120
FAIL,Reprocess,ADJ9318,2026-03-04T11:22:38.624Z,2026-02-27 16:00:26+00:00,ADJ9318-BG-ROW119
FAIL,Reprocess,ADJ9318,2026-03-04T11:22:38.624Z,2026-02-27 16:00:26+00:00,ADJ9318-BG-ROW118
FAIL,Reprocess,ADJ9318,2026-03-04T11:22:38.624Z,2026-02-27 16:00:26+00:00,ADJ9318-BG-ROW117
FAIL,Reprocess,ADJ9318,2026-03-04T11:22:38.624Z,2026-02-27 16:00:26+00:00,ADJ9318-BG-ROW116
FAIL,Reprocess,ADJ9318,2026-03-04T11:22:38.624Z,2026-02-27 16:00:26+00:00,ADJ9318-BG-ROW115
FAIL,Reprocess,ADJ9318,2026-03-04T11:22:38.624Z,2026-02-27 16:00:26+00:00,ADJ9318-BG-ROW114
FAIL,Reprocess,ADJ9318,2026-03-04T11:22:38.624Z,2026-02-27 16:00:26+00:00,ADJ9318-BG-ROW113
FAIL,Reprocess,ADJ9318,2026-03-04T11:22:38.624Z,2026-02-27 16:00:26+00:00,ADJ9318-BG-ROW112
FAIL,Reprocess,ADJ9318,2026-03-04T11:22:38.624Z,2026-02-27 16:00:26+00:00,ADJ9318-BG-ROW135
FAIL,Reprocess,ADJ9318,2026-03-04T11:22:38.624Z,2026-02-27 16:00:26+00:00,ADJ9318-BG-ROW163
FAIL,Reprocess,ADJ9318,2026-03-04T11:22:38.624Z,2026-02-27 16:00:26+00:00,ADJ9318-BG-ROW136
FAIL,Reprocess,ADJ9318,2026-03-04T11:22:38.624Z,2026-02-27 16:00:26+00:00,ADJ9318-BG-ROW138
FAIL,Reprocess,ADJ9318,2026-03-04T11:22:38.624Z,2026-02-27 16:00:26+00:00,ADJ9318-BG-ROW161
FAIL,Reprocess,ADJ9318,2026-03-04T11:22:38.624Z,2026-02-27 16:00:26+00:00,ADJ9318-BG-ROW160
FAIL,Reprocess,ADJ9318,2026-03-04T11:22:38.624Z,2026-02-27 16:00:26+00:00,ADJ9318-BG-ROW159
FAIL,Reprocess,ADJ9318,2026-03-04T11:22:38.624Z,2026-02-27 16:00:26+00:00,ADJ9318-BG-ROW158
FAIL,Reprocess,ADJ9318,2026-03-04T11:22:38.624Z,2026-02-27 16:00:26+00:00,ADJ9318-BG-ROW157
FAIL,Reprocess,ADJ9318,2026-03-04T11:22:38.624Z,2026-02-27 16:00:26+00:00,ADJ9318-BG-ROW156
FAIL,Reprocess,ADJ9318,2026-03-04T11:22:38.624Z,2026-02-27 16:00:26+00:00,ADJ9318-BG-ROW155
FAIL,Reprocess,ADJ9318,2026-03-04T11:22:38.624Z,2026-02-27 16:00:26+00:00,ADJ9318-BG-ROW154
FAIL,Reprocess,ADJ9318,2026-03-04T11:22:38.624Z,2026-02-27 16:00:26+00:00,ADJ9318-BG-ROW153
FAIL,Reprocess,ADJ9318,2026-03-04T11:22:38.624Z,2026-02-27 16:00:26+00:00,ADJ9318-BG-ROW152
FAIL,Reprocess,ADJ9318,2026-03-04T11:22:38.624Z,2026-02-27 16:00:26+00:00,ADJ9318-BG-ROW137
FAIL,Reprocess,ADJ9318,2026-03-04T11:22:38.624Z,2026-02-27 16:00:26+00:00,ADJ9318-BG-ROW151
FAIL,Reprocess,ADJ9318,2026-03-04T11:22:38.624Z,2026-02-27 16:00:26+00:00,ADJ9318-BG-ROW149
FAIL,Reprocess,ADJ9318,2026-03-04T11:22:38.624Z,2026-02-27 16:00:26+00:00,ADJ9318-BG-ROW148
FAIL,Reprocess,ADJ9318,2026-03-04T11:22:38.624Z,2026-02-27 16:00:26+00:00,ADJ9318-BG-ROW147
FAIL,Reprocess,ADJ9318,2026-03-04T11:22:38.624Z,2026-02-27 16:00:26+00:00,ADJ9318-BG-ROW146
FAIL,Reprocess,ADJ9318,2026-03-04T11:22:38.624Z,2026-02-27 16:00:26+00:00,ADJ9318-BG-ROW145
FAIL,Reprocess,ADJ9318,2026-03-04T11:22:38.624Z,2026-02-27 16:00:26+00:00,ADJ9318-BG-ROW144
FAIL,Reprocess,ADJ9318,2026-03-04T11:22:38.624Z,2026-02-27 16:00:26+00:00,ADJ9318-BG-ROW143
FAIL,Reprocess,ADJ9318,2026-03-04T11:22:38.624Z,2026-02-27 16:00:26+00:00,ADJ9318-BG-ROW142
FAIL,Reprocess,ADJ9318,2026-03-04T11:22:38.624Z,2026-02-27 16:00:26+00:00,ADJ9318-BG-ROW141
FAIL,Reprocess,ADJ9318,2026-03-04T11:22:38.624Z,2026-02-27 16:00:26+00:00,ADJ9318-BG-ROW140
FAIL,Reprocess,ADJ9318,2026-03-04T11:22:38.624Z,2026-02-27 16:00:26+00:00,ADJ9318-BG-ROW139
FAIL,Reprocess,ADJ9318,2026-03-04T11:22:38.624Z,2026-02-27 16:00:26+00:00,ADJ9318-BG-ROW150
FAIL,Reprocess,ADJ9318,2026-03-04T11:22:38.624Z,2026-02-27 16:00:26+00:00,ADJ9318-BG-ROW1
PASS,Reprocess,ADJ9318,2026-03-04T11:22:38.624Z,2026-02-27 16:48:20+00:00,ADJ9318-EM-102544853.XCX9-9C7CC.CDP.ThHARVF.1-MEDIA-0
PASS,Reprocess,ADJ9318,2026-03-04T11:22:38.624Z,2026-02-27 16:48:20+00:00,ADJ9318-EM-102544853.XCX9-9C7CC.CDP.ThHARVF.1-MEDIA-1
PASS,Reprocess,ADJ9318,2026-03-04T11:22:38.624Z,2026-03-03 20:54:07+00:00,ADJ9318-CCA-QE-097562
PASS,Reprocess,ADJ9318,2026-03-04T11:22:38.624Z,2026-03-03 20:54:07+00:00,ADJ9318-CCA-QE-104018
PASS,Reprocess,ADJ9318,2026-03-04T11:22:38.624Z,2026-03-03 20:54:07+00:00,ADJ9318-CCA-QE-122197
PASS,Reprocess,ADJ9318,2026-03-04T11:22:38.624Z,2026-03-03 20:54:07+00:00,ADJ9318-CCA-QE-111176
PASS,Reprocess,ADJ9318,2026-03-04T11:22:38.624Z,2026-03-03 20:54:07+00:00,ADJ9318-CCA-QE-134861
PASS,Reprocess,ADJ9318,2026-03-04T11:22:38.624Z,2026-03-03 20:54:07+00:00,ADJ9318-CCA-QE-138986
PASS,Reprocess,ADJ9318,2026-03-04T11:22:38.624Z,2026-03-03 20:54:07+00:00,ADJ9318-CCA-QE-223993
PASS,Reprocess,ADJ9318,2026-03-04T11:22:38.624Z,2026-03-03 20:54:07+00:00,ADJ9318-CCA-QE-199646
PASS,Reprocess,ADJ9318,2026-03-04T11:22:38.624Z,2026-03-03 20:54:07+00:00,ADJ9318-CCA-QE-226345
PASS,Reprocess,ADJ9318,2026-03-04T11:22:38.624Z,2026-03-03 20:54:07+00:00,ADJ9318-CCA-QE-233704
PASS,Reprocess,ADJ9318,2026-03-04T11:22:38.624Z,2026-03-03 20:54:07+00:00,ADJ9318-CCA-QE-245004
FAIL,Reprocess,ADJ9318,2026-03-04T11:22:38.624Z,2026-03-03 20:54:07+00:00,ADJ9318-CCA-QE-181071
PASS,Reprocess,ADJ9318,2026-03-04T11:22:38.624Z,2026-03-03 20:54:07+00:00,ADJ9318-CCA-QE-199646
FAIL,Reprocess,ADE5350,2026-03-04T15:41:26.625Z,2026-03-04 11:31:46+00:00,ADE5350-BG-ROW68
FAIL,Reprocess,ADE5350,2026-03-04T15:41:26.625Z,2026-03-04 11:31:46+00:00,ADE5350-BG-ROW67
FAIL,Reprocess,ADE5350,2026-03-04T15:41:26.625Z,2026-03-04 11:31:46+00:00,ADE5350-BG-ROW66
FAIL,Reprocess,ADE5350,2026-03-04T15:41:26.625Z,2026-03-04 11:31:46+00:00,ADE5350-BG-ROW69
FAIL,Reprocess,ADE5350,2026-03-04T15:41:26.625Z,2026-03-04 11:31:46+00:00,ADE5350-BG-ROW216
FAIL,Reprocess,ADE5350,2026-03-04T15:41:26.625Z,2026-03-04 11:31:46+00:00,ADE5350-BG-ROW71
FAIL,Reprocess,ADE5350,2026-03-04T15:41:26.625Z,2026-03-04 11:31:46+00:00,ADE5350-BG-ROW72
FAIL,Reprocess,ADE5350,2026-03-04T15:41:26.625Z,2026-03-04 11:31:46+00:00,ADE5350-BG-ROW65
FAIL,Reprocess,ADE5350,2026-03-04T15:41:26.625Z,2026-03-04 11:31:46+00:00,ADE5350-BG-ROW73
FAIL,Reprocess,ADE5350,2026-03-04T15:41:26.625Z,2026-03-04 11:31:46+00:00,ADE5350-BG-ROW70
FAIL,Reprocess,ADE5350,2026-03-04T15:41:26.625Z,2026-03-04 11:31:46+00:00,ADE5350-BG-ROW64
FAIL,Reprocess,ADE5350,2026-03-04T15:41:26.625Z,2026-03-04 11:31:46+00:00,ADE5350-BG-ROW57
FAIL,Reprocess,ADE5350,2026-03-04T15:41:26.625Z,2026-03-04 11:31:46+00:00,ADE5350-BG-ROW62
FAIL,Reprocess,ADE5350,2026-03-04T15:41:26.625Z,2026-03-04 11:31:46+00:00,ADE5350-BG-ROW61
FAIL,Reprocess,ADE5350,2026-03-04T15:41:26.625Z,2026-03-04 11:31:46+00:00,ADE5350-BG-ROW60
FAIL,Reprocess,ADE5350,2026-03-04T15:41:26.625Z,2026-03-04 11:31:46+00:00,ADE5350-BG-ROW59
FAIL,Reprocess,ADE5350,2026-03-04T15:41:26.625Z,2026-03-04 11:31:46+00:00,ADE5350-BG-ROW58
FAIL,Reprocess,ADE5350,2026-03-04T15:41:26.625Z,2026-03-04 11:31:46+00:00,ADE5350-BG-ROW74
FAIL,Reprocess,ADE5350,2026-03-04T15:41:26.625Z,2026-03-04 11:31:46+00:00,ADE5350-BG-ROW56
FAIL,Reprocess,ADE5350,2026-03-04T15:41:26.625Z,2026-03-04 11:31:46+00:00,ADE5350-BG-ROW55
FAIL,Reprocess,ADE5350,2026-03-04T15:41:26.625Z,2026-03-04 11:31:46+00:00,ADE5350-BG-ROW54
FAIL,Reprocess,ADE5350,2026-03-04T15:41:26.625Z,2026-03-04 11:31:46+00:00,ADE5350-BG-ROW53
FAIL,Reprocess,ADE5350,2026-03-04T15:41:26.625Z,2026-03-04 11:31:46+00:00,ADE5350-BG-ROW63
FAIL,Reprocess,ADE5350,2026-03-04T15:41:26.625Z,2026-03-04 11:31:46+00:00,ADE5350-BG-ROW75
FAIL,Reprocess,ADE5350,2026-03-04T15:41:26.625Z,2026-03-04 11:31:46+00:00,ADE5350-BG-ROW82
FAIL,Reprocess,ADE5350,2026-03-04T15:41:26.625Z,2026-03-04 11:31:46+00:00,ADE5350-BG-ROW77
FAIL,Reprocess,ADE5350,2026-03-04T15:41:26.625Z,2026-03-04 11:31:46+00:00,ADE5350-BG-ROW99
FAIL,Reprocess,ADE5350,2026-03-04T15:41:26.625Z,2026-03-04 11:31:46+00:00,ADE5350-BG-ROW98
FAIL,Reprocess,ADE5350,2026-03-04T15:41:26.625Z,2026-03-04 11:31:46+00:00,ADE5350-BG-ROW97
FAIL,Reprocess,ADE5350,2026-03-04T15:41:26.625Z,2026-03-04 11:31:46+00:00,ADE5350-BG-ROW96
FAIL,Reprocess,ADE5350,2026-03-04T15:41:26.625Z,2026-03-04 11:31:46+00:00,ADE5350-BG-ROW95
FAIL,Reprocess,ADE5350,2026-03-04T15:41:26.625Z,2026-03-04 11:31:46+00:00,ADE5350-BG-ROW94
FAIL,Reprocess,ADE5350,2026-03-04T15:41:26.625Z,2026-03-04 11:31:46+00:00,ADE5350-BG-ROW93
FAIL,Reprocess,ADE5350,2026-03-04T15:41:26.625Z,2026-03-04 11:31:46+00:00,ADE5350-BG-ROW92
FAIL,Reprocess,ADE5350,2026-03-04T15:41:26.625Z,2026-03-04 11:31:46+00:00,ADE5350-BG-ROW91
FAIL,Reprocess,ADE5350,2026-03-04T15:41:26.625Z,2026-03-04 11:31:46+00:00,ADE5350-BG-ROW90
FAIL,Reprocess,ADE5350,2026-03-04T15:41:26.625Z,2026-03-04 11:31:46+00:00,ADE5350-BG-ROW76
FAIL,Reprocess,ADE5350,2026-03-04T15:41:26.625Z,2026-03-04 11:31:46+00:00,ADE5350-BG-ROW89
FAIL,Reprocess,ADE5350,2026-03-04T15:41:26.625Z,2026-03-04 11:31:46+00:00,ADE5350-BG-ROW87
FAIL,Reprocess,ADE5350,2026-03-04T15:41:26.625Z,2026-03-04 11:31:46+00:00,ADE5350-BG-ROW86
FAIL,Reprocess,ADE5350,2026-03-04T15:41:26.625Z,2026-03-04 11:31:46+00:00,ADE5350-BG-ROW85
FAIL,Reprocess,ADE5350,2026-03-04T15:41:26.625Z,2026-03-04 11:31:46+00:00,ADE5350-BG-ROW84
FAIL,Reprocess,ADE5350,2026-03-04T15:41:26.625Z,2026-03-04 11:31:46+00:00,ADE5350-BG-ROW83
FAIL,Reprocess,ADE5350,2026-03-04T15:41:26.625Z,2026-03-04 11:31:46+00:00,ADE5350-BG-ROW52
FAIL,Reprocess,ADE5350,2026-03-04T15:41:26.625Z,2026-03-04 11:31:46+00:00,ADE5350-BG-ROW81
FAIL,Reprocess,ADE5350,2026-03-04T15:41:26.625Z,2026-03-04 11:31:46+00:00,ADE5350-BG-ROW80
FAIL,Reprocess,ADE5350,2026-03-04T15:41:26.625Z,2026-03-04 11:31:46+00:00,ADE5350-BG-ROW79
FAIL,Reprocess,ADE5350,2026-03-04T15:41:26.625Z,2026-03-04 11:31:46+00:00,ADE5350-BG-ROW78
FAIL,Reprocess,ADE5350,2026-03-04T15:41:26.625Z,2026-03-04 11:31:46+00:00,ADE5350-BG-ROW88
FAIL,Reprocess,ADE5350,2026-03-04T15:41:26.625Z,2026-03-04 11:31:46+00:00,ADE5350-BG-ROW51
FAIL,Reprocess,ADE5350,2026-03-04T15:41:26.625Z,2026-03-04 11:31:46+00:00,ADE5350-BG-ROW44
FAIL,Reprocess,ADE5350,2026-03-04T15:41:26.625Z,2026-03-04 11:31:46+00:00,ADE5350-BG-ROW49
FAIL,Reprocess,ADE5350,2026-03-04T15:41:26.625Z,2026-03-04 11:31:46+00:00,ADE5350-BG-ROW22
FAIL,Reprocess,ADE5350,2026-03-04T15:41:26.625Z,2026-03-04 11:31:46+00:00,ADE5350-BG-ROW21
FAIL,Reprocess,ADE5350,2026-03-04T15:41:26.625Z,2026-03-04 11:31:46+00:00,ADE5350-BG-ROW20
FAIL,Reprocess,ADE5350,2026-03-04T15:41:26.625Z,2026-03-04 11:31:46+00:00,ADE5350-BG-ROW19
FAIL,Reprocess,ADE5350,2026-03-04T15:41:26.625Z,2026-03-04 11:31:46+00:00,ADE5350-BG-ROW18
FAIL,Reprocess,ADE5350,2026-03-04T15:41:26.625Z,2026-03-04 11:31:46+00:00,ADE5350-BG-ROW17
FAIL,Reprocess,ADE5350,2026-03-04T15:41:26.625Z,2026-03-04 11:31:46+00:00,ADE5350-BG-ROW16
FAIL,Reprocess,ADE5350,2026-03-04T15:41:26.625Z,2026-03-04 11:31:46+00:00,ADE5350-BG-ROW15
FAIL,Reprocess,ADE5350,2026-03-04T15:41:26.625Z,2026-03-04 11:31:46+00:00,ADE5350-BG-ROW14
FAIL,Reprocess,ADE5350,2026-03-04T15:41:26.625Z,2026-03-04 11:31:46+00:00,ADE5350-BG-ROW13
FAIL,Reprocess,ADE5350,2026-03-04T15:41:26.625Z,2026-03-04 11:31:46+00:00,ADE5350-BG-ROW12
FAIL,Reprocess,ADE5350,2026-03-04T15:41:26.625Z,2026-03-04 11:31:46+00:00,ADE5350-BG-ROW11
FAIL,Reprocess,ADE5350,2026-03-04T15:41:26.625Z,2026-03-04 11:31:46+00:00,ADE5350-BG-ROW10
FAIL,Reprocess,ADE5350,2026-03-04T15:41:26.625Z,2026-03-04 11:31:46+00:00,ADE5350-BG-ROW9
FAIL,Reprocess,ADE5350,2026-03-04T15:41:26.625Z,2026-03-04 11:31:46+00:00,ADE5350-BG-ROW8
FAIL,Reprocess,ADE5350,2026-03-04T15:41:26.625Z,2026-03-04 11:31:46+00:00,ADE5350-BG-ROW7
FAIL,Reprocess,ADE5350,2026-03-04T15:41:26.625Z,2026-03-04 11:31:46+00:00,ADE5350-BG-ROW6
FAIL,Reprocess,ADE5350,2026-03-04T15:41:26.625Z,2026-03-04 11:31:46+00:00,ADE5350-BG-ROW5
FAIL,Reprocess,ADE5350,2026-03-04T15:41:26.625Z,2026-03-04 11:31:46+00:00,ADE5350-BG-ROW4
FAIL,Reprocess,ADE5350,2026-03-04T15:41:26.625Z,2026-03-04 11:31:46+00:00,ADE5350-BG-ROW3
FAIL,Reprocess,ADE5350,2026-03-04T15:41:26.625Z,2026-03-04 11:31:46+00:00,ADE5350-BG-ROW2
FAIL,Reprocess,ADE5350,2026-03-04T15:41:26.625Z,2026-03-04 11:31:46+00:00,ADE5350-BG-ROW23
FAIL,Reprocess,ADE5350,2026-03-04T15:41:26.625Z,2026-03-04 11:31:46+00:00,ADE5350-BG-ROW24
FAIL,Reprocess,ADE5350,2026-03-04T15:41:26.625Z,2026-03-04 11:31:46+00:00,ADE5350-BG-ROW25
FAIL,Reprocess,ADE5350,2026-03-04T15:41:26.625Z,2026-03-04 11:31:46+00:00,ADE5350-BG-ROW26
FAIL,Reprocess,ADE5350,2026-03-04T15:41:26.625Z,2026-03-04 11:31:46+00:00,ADE5350-BG-ROW48
FAIL,Reprocess,ADE5350,2026-03-04T15:41:26.625Z,2026-03-04 11:31:46+00:00,ADE5350-BG-ROW47
FAIL,Reprocess,ADE5350,2026-03-04T15:41:26.625Z,2026-03-04 11:31:46+00:00,ADE5350-BG-ROW46
FAIL,Reprocess,ADE5350,2026-03-04T15:41:26.625Z,2026-03-04 11:31:46+00:00,ADE5350-BG-ROW45
FAIL,Reprocess,ADE5350,2026-03-04T15:41:26.625Z,2026-03-04 11:31:46+00:00,ADE5350-BG-ROW100
FAIL,Reprocess,ADE5350,2026-03-04T15:41:26.625Z,2026-03-04 11:31:46+00:00,ADE5350-BG-ROW43
FAIL,Reprocess,ADE5350,2026-03-04T15:41:26.625Z,2026-03-04 11:31:46+00:00,ADE5350-BG-ROW42
FAIL,Reprocess,ADE5350,2026-03-04T15:41:26.625Z,2026-03-04 11:31:46+00:00,ADE5350-BG-ROW41
FAIL,Reprocess,ADE5350,2026-03-04T15:41:26.625Z,2026-03-04 11:31:46+00:00,ADE5350-BG-ROW40
FAIL,Reprocess,ADE5350,2026-03-04T15:41:26.625Z,2026-03-04 11:31:46+00:00,ADE5350-BG-ROW39
FAIL,Reprocess,ADE5350,2026-03-04T15:41:26.625Z,2026-03-04 11:31:46+00:00,ADE5350-BG-ROW50
FAIL,Reprocess,ADE5350,2026-03-04T15:41:26.625Z,2026-03-04 11:31:46+00:00,ADE5350-BG-ROW38
FAIL,Reprocess,ADE5350,2026-03-04T15:41:26.625Z,2026-03-04 11:31:46+00:00,ADE5350-BG-ROW36
FAIL,Reprocess,ADE5350,2026-03-04T15:41:26.625Z,2026-03-04 11:31:46+00:00,ADE5350-BG-ROW35
FAIL,Reprocess,ADE5350,2026-03-04T15:41:26.625Z,2026-03-04 11:31:46+00:00,ADE5350-BG-ROW34
FAIL,Reprocess,ADE5350,2026-03-04T15:41:26.625Z,2026-03-04 11:31:46+00:00,ADE5350-BG-ROW33
FAIL,Reprocess,ADE5350,2026-03-04T15:41:26.625Z,2026-03-04 11:31:46+00:00,ADE5350-BG-ROW32
FAIL,Reprocess,ADE5350,2026-03-04T15:41:26.625Z,2026-03-04 11:31:46+00:00,ADE5350-BG-ROW31
FAIL,Reprocess,ADE5350,2026-03-04T15:41:26.625Z,2026-03-04 11:31:46+00:00,ADE5350-BG-ROW30
FAIL,Reprocess,ADE5350,2026-03-04T15:41:26.625Z,2026-03-04 11:31:46+00:00,ADE5350-BG-ROW29
FAIL,Reprocess,ADE5350,2026-03-04T15:41:26.625Z,2026-03-04 11:31:46+00:00,ADE5350-BG-ROW28
FAIL,Reprocess,ADE5350,2026-03-04T15:41:26.625Z,2026-03-04 11:31:46+00:00,ADE5350-BG-ROW27
FAIL,Reprocess,ADE5350,2026-03-04T15:41:26.625Z,2026-03-04 11:31:46+00:00,ADE5350-BG-ROW37
FAIL,Reprocess,ADE5350,2026-03-04T15:41:26.625Z,2026-03-04 11:31:46+00:00,ADE5350-BG-ROW101
FAIL,Reprocess,ADE5350,2026-03-04T15:41:26.625Z,2026-03-04 11:31:46+00:00,ADE5350-BG-ROW102
FAIL,Reprocess,ADE5350,2026-03-04T15:41:26.625Z,2026-03-04 11:31:46+00:00,ADE5350-BG-ROW103
FAIL,Reprocess,ADE5350,2026-03-04T15:41:26.625Z,2026-03-04 11:31:46+00:00,ADE5350-BG-ROW186
FAIL,Reprocess,ADE5350,2026-03-04T15:41:26.625Z,2026-03-04 11:31:46+00:00,ADE5350-BG-ROW185
FAIL,Reprocess,ADE5350,2026-03-04T15:41:26.625Z,2026-03-04 11:31:46+00:00,ADE5350-BG-ROW184
FAIL,Reprocess,ADE5350,2026-03-04T15:41:26.625Z,2026-03-04 11:31:46+00:00,ADE5350-BG-ROW183
FAIL,Reprocess,ADE5350,2026-03-04T15:41:26.625Z,2026-03-04 11:31:46+00:00,ADE5350-BG-ROW182
FAIL,Reprocess,ADE5350,2026-03-04T15:41:26.625Z,2026-03-04 11:31:46+00:00,ADE5350-BG-ROW181
FAIL,Reprocess,ADE5350,2026-03-04T15:41:26.625Z,2026-03-04 11:31:46+00:00,ADE5350-BG-ROW180
FAIL,Reprocess,ADE5350,2026-03-04T15:41:26.625Z,2026-03-04 11:31:46+00:00,ADE5350-BG-ROW179
FAIL,Reprocess,ADE5350,2026-03-04T15:41:26.625Z,2026-03-04 11:31:46+00:00,ADE5350-BG-ROW178
FAIL,Reprocess,ADE5350,2026-03-04T15:41:26.625Z,2026-03-04 11:31:46+00:00,ADE5350-BG-ROW177
FAIL,Reprocess,ADE5350,2026-03-04T15:41:26.625Z,2026-03-04 11:31:46+00:00,ADE5350-BG-ROW176
FAIL,Reprocess,ADE5350,2026-03-04T15:41:26.625Z,2026-03-04 11:31:46+00:00,ADE5350-BG-ROW187
FAIL,Reprocess,ADE5350,2026-03-04T15:41:26.625Z,2026-03-04 11:31:46+00:00,ADE5350-BG-ROW175
FAIL,Reprocess,ADE5350,2026-03-04T15:41:26.625Z,2026-03-04 11:31:46+00:00,ADE5350-BG-ROW173
FAIL,Reprocess,ADE5350,2026-03-04T15:41:26.625Z,2026-03-04 11:31:46+00:00,ADE5350-BG-ROW172
FAIL,Reprocess,ADE5350,2026-03-04T15:41:26.625Z,2026-03-04 11:31:46+00:00,ADE5350-BG-ROW171
FAIL,Reprocess,ADE5350,2026-03-04T15:41:26.625Z,2026-03-04 11:31:46+00:00,ADE5350-BG-ROW170
FAIL,Reprocess,ADE5350,2026-03-04T15:41:26.625Z,2026-03-04 11:31:46+00:00,ADE5350-BG-ROW169
FAIL,Reprocess,ADE5350,2026-03-04T15:41:26.625Z,2026-03-04 11:31:46+00:00,ADE5350-BG-ROW168
FAIL,Reprocess,ADE5350,2026-03-04T15:41:26.625Z,2026-03-04 11:31:46+00:00,ADE5350-BG-ROW167
FAIL,Reprocess,ADE5350,2026-03-04T15:41:26.625Z,2026-03-04 11:31:46+00:00,ADE5350-BG-ROW166
FAIL,Reprocess,ADE5350,2026-03-04T15:41:26.625Z,2026-03-04 11:31:46+00:00,ADE5350-BG-ROW165
FAIL,Reprocess,ADE5350,2026-03-04T15:41:26.625Z,2026-03-04 11:31:46+00:00,ADE5350-BG-ROW164
FAIL,Reprocess,ADE5350,2026-03-04T15:41:26.625Z,2026-03-04 11:31:46+00:00,ADE5350-BG-ROW163
FAIL,Reprocess,ADE5350,2026-03-04T15:41:26.625Z,2026-03-04 11:31:46+00:00,ADE5350-BG-ROW174
FAIL,Reprocess,ADE5350,2026-03-04T15:41:26.625Z,2026-03-04 11:31:46+00:00,ADE5350-BG-ROW188
FAIL,Reprocess,ADE5350,2026-03-04T15:41:26.625Z,2026-03-04 11:31:46+00:00,ADE5350-BG-ROW189
FAIL,Reprocess,ADE5350,2026-03-04T15:41:26.625Z,2026-03-04 11:31:46+00:00,ADE5350-BG-ROW190
FAIL,Reprocess,ADE5350,2026-03-04T15:41:26.625Z,2026-03-04 11:31:46+00:00,ADE5350-BG-ROW215
FAIL,Reprocess,ADE5350,2026-03-04T15:41:26.625Z,2026-03-04 11:31:46+00:00,ADE5350-BG-ROW214
FAIL,Reprocess,ADE5350,2026-03-04T15:41:26.625Z,2026-03-04 11:31:46+00:00,ADE5350-BG-ROW213
FAIL,Reprocess,ADE5350,2026-03-04T15:41:26.625Z,2026-03-04 11:31:46+00:00,ADE5350-BG-ROW212
FAIL,Reprocess,ADE5350,2026-03-04T15:41:26.625Z,2026-03-04 11:31:46+00:00,ADE5350-BG-ROW211
FAIL,Reprocess,ADE5350,2026-03-04T15:41:26.625Z,2026-03-04 11:31:46+00:00,ADE5350-BG-ROW210
FAIL,Reprocess,ADE5350,2026-03-04T15:41:26.625Z,2026-03-04 11:31:46+00:00,ADE5350-BG-ROW209
FAIL,Reprocess,ADE5350,2026-03-04T15:41:26.625Z,2026-03-04 11:31:46+00:00,ADE5350-BG-ROW208
FAIL,Reprocess,ADE5350,2026-03-04T15:41:26.625Z,2026-03-04 11:31:46+00:00,ADE5350-BG-ROW207
FAIL,Reprocess,ADE5350,2026-03-04T15:41:26.625Z,2026-03-04 11:31:46+00:00,ADE5350-BG-ROW206
FAIL,Reprocess,ADE5350,2026-03-04T15:41:26.625Z,2026-03-04 11:31:46+00:00,ADE5350-BG-ROW205
FAIL,Reprocess,ADE5350,2026-03-04T15:41:26.625Z,2026-03-04 11:31:46+00:00,ADE5350-BG-ROW204
FAIL,Reprocess,ADE5350,2026-03-04T15:41:26.625Z,2026-03-04 11:31:46+00:00,ADE5350-BG-ROW203
FAIL,Reprocess,ADE5350,2026-03-04T15:41:26.625Z,2026-03-04 11:31:46+00:00,ADE5350-BG-ROW202
FAIL,Reprocess,ADE5350,2026-03-04T15:41:26.625Z,2026-03-04 11:31:46+00:00,ADE5350-BG-ROW201
FAIL,Reprocess,ADE5350,2026-03-04T15:41:26.625Z,2026-03-04 11:31:46+00:00,ADE5350-BG-ROW200
FAIL,Reprocess,ADE5350,2026-03-04T15:41:26.625Z,2026-03-04 11:31:46+00:00,ADE5350-BG-ROW199
FAIL,Reprocess,ADE5350,2026-03-04T15:41:26.625Z,2026-03-04 11:31:46+00:00,ADE5350-BG-ROW198
FAIL,Reprocess,ADE5350,2026-03-04T15:41:26.625Z,2026-03-04 11:31:46+00:00,ADE5350-BG-ROW197
FAIL,Reprocess,ADE5350,2026-03-04T15:41:26.625Z,2026-03-04 11:31:46+00:00,ADE5350-BG-ROW196
FAIL,Reprocess,ADE5350,2026-03-04T15:41:26.625Z,2026-03-04 11:31:46+00:00,ADE5350-BG-ROW195
FAIL,Reprocess,ADE5350,2026-03-04T15:41:26.625Z,2026-03-04 11:31:46+00:00,ADE5350-BG-ROW194
FAIL,Reprocess,ADE5350,2026-03-04T15:41:26.625Z,2026-03-04 11:31:46+00:00,ADE5350-BG-ROW193
FAIL,Reprocess,ADE5350,2026-03-04T15:41:26.625Z,2026-03-04 11:31:46+00:00,ADE5350-BG-ROW192
FAIL,Reprocess,ADE5350,2026-03-04T15:41:26.625Z,2026-03-04 11:31:46+00:00,ADE5350-BG-ROW191
FAIL,Reprocess,ADE5350,2026-03-04T15:41:26.625Z,2026-03-04 11:31:46+00:00,ADE5350-BG-ROW162
FAIL,Reprocess,ADE5350,2026-03-04T15:41:26.625Z,2026-03-04 11:31:46+00:00,ADE5350-BG-ROW161
FAIL,Reprocess,ADE5350,2026-03-04T15:41:26.625Z,2026-03-04 11:31:46+00:00,ADE5350-BG-ROW160
FAIL,Reprocess,ADE5350,2026-03-04T15:41:26.625Z,2026-03-04 11:31:46+00:00,ADE5350-BG-ROW131
FAIL,Reprocess,ADE5350,2026-03-04T15:41:26.625Z,2026-03-04 11:31:46+00:00,ADE5350-BG-ROW128
FAIL,Reprocess,ADE5350,2026-03-04T15:41:26.625Z,2026-03-04 11:31:46+00:00,ADE5350-BG-ROW127
FAIL,Reprocess,ADE5350,2026-03-04T15:41:26.625Z,2026-03-04 11:31:46+00:00,ADE5350-BG-ROW126
FAIL,Reprocess,ADE5350,2026-03-04T15:41:26.625Z,2026-03-04 11:31:46+00:00,ADE5350-BG-ROW125
FAIL,Reprocess,ADE5350,2026-03-04T15:41:26.625Z,2026-03-04 11:31:46+00:00,ADE5350-BG-ROW124
FAIL,Reprocess,ADE5350,2026-03-04T15:41:26.625Z,2026-03-04 11:31:46+00:00,ADE5350-BG-ROW123
FAIL,Reprocess,ADE5350,2026-03-04T15:41:26.625Z,2026-03-04 11:31:46+00:00,ADE5350-BG-ROW122
FAIL,Reprocess,ADE5350,2026-03-04T15:41:26.625Z,2026-03-04 11:31:46+00:00,ADE5350-BG-ROW121
FAIL,Reprocess,ADE5350,2026-03-04T15:41:26.625Z,2026-03-04 11:31:46+00:00,ADE5350-BG-ROW120
FAIL,Reprocess,ADE5350,2026-03-04T15:41:26.625Z,2026-03-04 11:31:46+00:00,ADE5350-BG-ROW119
FAIL,Reprocess,ADE5350,2026-03-04T15:41:26.625Z,2026-03-04 11:31:46+00:00,ADE5350-BG-ROW118
FAIL,Reprocess,ADE5350,2026-03-04T15:41:26.625Z,2026-03-04 11:31:46+00:00,ADE5350-BG-ROW117
FAIL,Reprocess,ADE5350,2026-03-04T15:41:26.625Z,2026-03-04 11:31:46+00:00,ADE5350-BG-ROW116
FAIL,Reprocess,ADE5350,2026-03-04T15:41:26.625Z,2026-03-04 11:31:46+00:00,ADE5350-BG-ROW115
FAIL,Reprocess,ADE5350,2026-03-04T15:41:26.625Z,2026-03-04 11:31:46+00:00,ADE5350-BG-ROW114
FAIL,Reprocess,ADE5350,2026-03-04T15:41:26.625Z,2026-03-04 11:31:46+00:00,ADE5350-BG-ROW113
FAIL,Reprocess,ADE5350,2026-03-04T15:41:26.625Z,2026-03-04 11:31:46+00:00,ADE5350-BG-ROW112
FAIL,Reprocess,ADE5350,2026-03-04T15:41:26.625Z,2026-03-04 11:31:46+00:00,ADE5350-BG-ROW111
FAIL,Reprocess,ADE5350,2026-03-04T15:41:26.625Z,2026-03-04 11:31:46+00:00,ADE5350-BG-ROW110
FAIL,Reprocess,ADE5350,2026-03-04T15:41:26.625Z,2026-03-04 11:31:46+00:00,ADE5350-BG-ROW109
FAIL,Reprocess,ADE5350,2026-03-04T15:41:26.625Z,2026-03-04 11:31:46+00:00,ADE5350-BG-ROW108
FAIL,Reprocess,ADE5350,2026-03-04T15:41:26.625Z,2026-03-04 11:31:46+00:00,ADE5350-BG-ROW107
FAIL,Reprocess,ADE5350,2026-03-04T15:41:26.625Z,2026-03-04 11:31:46+00:00,ADE5350-BG-ROW106
FAIL,Reprocess,ADE5350,2026-03-04T15:41:26.625Z,2026-03-04 11:31:46+00:00,ADE5350-BG-ROW105
FAIL,Reprocess,ADE5350,2026-03-04T15:41:26.625Z,2026-03-04 11:31:46+00:00,ADE5350-BG-ROW104
FAIL,Reprocess,ADE5350,2026-03-04T15:41:26.625Z,2026-03-04 11:31:46+00:00,ADE5350-BG-ROW129
FAIL,Reprocess,ADE5350,2026-03-04T15:41:26.625Z,2026-03-04 11:31:46+00:00,ADE5350-BG-ROW130
FAIL,Reprocess,ADE5350,2026-03-04T15:41:26.625Z,2026-03-04 11:31:46+00:00,ADE5350-BG-ROW1
FAIL,Reprocess,ADE5350,2026-03-04T15:41:26.625Z,2026-03-04 11:31:46+00:00,ADE5350-BG-ROW132
FAIL,Reprocess,ADE5350,2026-03-04T15:41:26.625Z,2026-03-04 11:31:46+00:00,ADE5350-BG-ROW158
FAIL,Reprocess,ADE5350,2026-03-04T15:41:26.625Z,2026-03-04 11:31:46+00:00,ADE5350-BG-ROW157
FAIL,Reprocess,ADE5350,2026-03-04T15:41:26.625Z,2026-03-04 11:31:46+00:00,ADE5350-BG-ROW156
FAIL,Reprocess,ADE5350,2026-03-04T15:41:26.625Z,2026-03-04 11:31:46+00:00,ADE5350-BG-ROW155
FAIL,Reprocess,ADE5350,2026-03-04T15:41:26.625Z,2026-03-04 11:31:46+00:00,ADE5350-BG-ROW154
FAIL,Reprocess,ADE5350,2026-03-04T15:41:26.625Z,2026-03-04 11:31:46+00:00,ADE5350-BG-ROW153
FAIL,Reprocess,ADE5350,2026-03-04T15:41:26.625Z,2026-03-04 11:31:46+00:00,ADE5350-BG-ROW152
FAIL,Reprocess,ADE5350,2026-03-04T15:41:26.625Z,2026-03-04 11:31:46+00:00,ADE5350-BG-ROW151
FAIL,Reprocess,ADE5350,2026-03-04T15:41:26.625Z,2026-03-04 11:31:46+00:00,ADE5350-BG-ROW150
FAIL,Reprocess,ADE5350,2026-03-04T15:41:26.625Z,2026-03-04 11:31:46+00:00,ADE5350-BG-ROW149
FAIL,Reprocess,ADE5350,2026-03-04T15:41:26.625Z,2026-03-04 11:31:46+00:00,ADE5350-BG-ROW148
FAIL,Reprocess,ADE5350,2026-03-04T15:41:26.625Z,2026-03-04 11:31:46+00:00,ADE5350-BG-ROW147
FAIL,Reprocess,ADE5350,2026-03-04T15:41:26.625Z,2026-03-04 11:31:46+00:00,ADE5350-BG-ROW159
FAIL,Reprocess,ADE5350,2026-03-04T15:41:26.625Z,2026-03-04 11:31:46+00:00,ADE5350-BG-ROW146
FAIL,Reprocess,ADE5350,2026-03-04T15:41:26.625Z,2026-03-04 11:31:46+00:00,ADE5350-BG-ROW144
FAIL,Reprocess,ADE5350,2026-03-04T15:41:26.625Z,2026-03-04 11:31:46+00:00,ADE5350-BG-ROW143
FAIL,Reprocess,ADE5350,2026-03-04T15:41:26.625Z,2026-03-04 11:31:46+00:00,ADE5350-BG-ROW142
FAIL,Reprocess,ADE5350,2026-03-04T15:41:26.625Z,2026-03-04 11:31:46+00:00,ADE5350-BG-ROW141
FAIL,Reprocess,ADE5350,2026-03-04T15:41:26.625Z,2026-03-04 11:31:46+00:00,ADE5350-BG-ROW140
FAIL,Reprocess,ADE5350,2026-03-04T15:41:26.625Z,2026-03-04 11:31:46+00:00,ADE5350-BG-ROW139
FAIL,Reprocess,ADE5350,2026-03-04T15:41:26.625Z,2026-03-04 11:31:46+00:00,ADE5350-BG-ROW138
FAIL,Reprocess,ADE5350,2026-03-04T15:41:26.625Z,2026-03-04 11:31:46+00:00,ADE5350-BG-ROW137
FAIL,Reprocess,ADE5350,2026-03-04T15:41:26.625Z,2026-03-04 11:31:46+00:00,ADE5350-BG-ROW136
FAIL,Reprocess,ADE5350,2026-03-04T15:41:26.625Z,2026-03-04 11:31:46+00:00,ADE5350-BG-ROW135
FAIL,Reprocess,ADE5350,2026-03-04T15:41:26.625Z,2026-03-04 11:31:46+00:00,ADE5350-BG-ROW134
FAIL,Reprocess,ADE5350,2026-03-04T15:41:26.625Z,2026-03-04 11:31:46+00:00,ADE5350-BG-ROW133
FAIL,Reprocess,ADE5350,2026-03-04T15:41:26.625Z,2026-03-04 11:31:46+00:00,ADE5350-BG-ROW145
PASS,Reprocess,ADE5350,2026-03-04T15:41:26.625Z,2026-03-04 11:34:43+00:00,ADE5350-DA-SUMMARY
